[
    {
        "key": "CHS",
        "code": "0",
        "name": "中国"
    },
    {
        "key": "USA",
        "code": "7",
        "name": "美国"
    },
    {
        "key": "CAN",
        "code": "6",
        "name": "加拿大"
    },
    {
        "key": "GBR",
        "code": "5",
        "name": "英国"
    },
    {
        "key": "AUS",
        "code": "1",
        "name": "澳大利亚"
    },
    {
        "key": "FRA",
        "code": "2",
        "name": "法国"
    },
    {
        "key": "DEU",
        "code": "8",
        "name": "德国"
    },
    {
        "key": "NZL",
        "code": "4",
        "name": "新西兰"
    },
    {
        "key": "SGP",
        "code": "3",
        "name": "新加坡"
    },
    {
        "key": "KOR",
        "code": "9",
        "name": "韩国"
    },
    {
        "key": "RUS",
        "code": "10",
        "name": "俄罗斯"
    },
    {
        "key": "JPN",
        "code": "11",
        "name": "日本"
    },
    {
        "key": "ITA",
        "code": "12",
        "name": "意大利"
    },
    {
        "key": "IRL",
        "code": "13",
        "name": "爱尔兰"
    },
    {
        "key": "NLD",
        "code": "14",
        "name": "荷兰"
    },
    {
        "key": "MYS",
        "code": "15",
        "name": "马来西亚"
    },
    {
        "key": "CHE",
        "code": "16",
        "name": "瑞士"
    },
    {
        "key": "THA",
        "code": "17",
        "name": "泰国"
    },
    {
        "key": "UKR",
        "code": "18",
        "name": "乌克兰"
    },
    {
        "key": "ZAF",
        "code": "19",
        "name": "南非"
    },
    {
        "key": "FIN",
        "code": "20",
        "name": "芬兰"
    },
    {
        "key": "SWE",
        "code": "21",
        "name": "瑞典"
    },
    {
        "key": "ESP",
        "code": "22",
        "name": "西班牙"
    },
    {
        "key": "BEL",
        "code": "23",
        "name": "比利时"
    },
    {
        "key": "NOR",
        "code": "24",
        "name": "挪威"
    },
    {
        "key": "DNK",
        "code": "25",
        "name": "丹麦"
    },
    {
        "key": "PHL",
        "code": "26",
        "name": "菲律宾"
    },
    {
        "key": "POL",
        "code": "27",
        "name": "波兰"
    },
    {
        "key": "IND",
        "code": "28",
        "name": "印度"
    },
    {
        "key": "AUT",
        "code": "29",
        "name": "奥地利"
    },
    {
        "key": "ARG",
        "code": "30",
        "name": "阿根廷"
    },
    {
        "key": "BRA",
        "code": "31",
        "name": "巴西"
    },
    {
        "key": "BLR",
        "code": "32",
        "name": "白俄罗斯"
    },
    {
        "key": "COL",
        "code": "33",
        "name": "哥伦比亚"
    },
    {
        "key": "CUB",
        "code": "34",
        "name": "古巴"
    },
    {
        "key": "EGY",
        "code": "35",
        "name": "埃及"
    },
    {
        "key": "GRC",
        "code": "36",
        "name": "希腊"
    },
    {
        "key": "HUN",
        "code": "37",
        "name": "匈牙利"
    },
    {
        "key": "IDN",
        "code": "38",
        "name": "印度尼西亚"
    },
    {
        "key": "IRN",
        "code": "39",
        "name": "伊朗"
    },
    {
        "key": "MNG",
        "code": "40",
        "name": "蒙古"
    },
    {
        "key": "MEX",
        "code": "41",
        "name": "墨西哥"
    },
    {
        "key": "PRT",
        "code": "42",
        "name": "葡萄牙"
    },
    {
        "key": "SAU",
        "code": "43",
        "name": "沙特阿拉伯"
    },
    {
        "key": "TUR",
        "code": "44",
        "name": "土耳其"
    }
]